

INSERT INTO ClubeVideo.Endereco VALUES
(1,'Rua 31º de Maio','3810-032','Santa Joana','Aveiro','Aveiro','Santa Joana','Portugal'),
(2, 'rua 0', '9521-089', 'Aveiro', 'Castelo Branco', 'Covilha', 'Peraboa', 'Portugal'),
(3, 'rua 1', '8416-086', 'Guardais', 'Evora', 'Montemor-o-Novo', 'Santiago do Escoural', 'Portugal'),
(4, 'rua 2', '7911-590', 'Cruzeiro', 'Braga', 'Vila Verde', 'Vila Verde e Barbudo', 'Portugal'),
(5, 'rua 3', '7662-449', 'Bertelo', 'Guarda', 'Guarda', 'Aldeia Vicosa', 'Portugal'),
(6, 'rua 4', '2670-086', 'Castelo de Baixo', 'Guarda', 'Aguiar da Beira', 'Pena Verde', 'Portugal'),
(7, 'rua 5', '3792-227', 'Vila Cova', 'Portalegre', 'Elvas', 'Assuncao, Ajuda, Salvador e Santo Ildefonso', 'Portugal'),
(8, 'rua 6', '4562-425', 'Carvalhal da Portela', 'Braganca', 'Vinhais', 'Agrochao', 'Portugal'),
(9, 'rua 7', '6676-144', 'Ribeiro da Povoa', 'Lisboa', 'Lourinha', 'Reguengo Grande', 'Portugal'),
(10, 'rua 8', '7120-923', 'Sibanas', 'Braga', 'Braga', 'Tadim', 'Portugal'),
(11, 'rua 9', '1353-270', 'Busturenga', 'Setubal', 'Santiago do Cacem', 'Ermidas-Sado', 'Portugal'),
(12, 'rua 10', '7930-155', 'Foz do Rio Mau', 'Viana do Castelo', 'Ponte de Lima', 'Associacao de freguesias do Vale do Neiva', 'Portugal'),
(13, 'rua 11', '2586-225', 'Solada', 'Braga', 'Vila Nova de Famalicao', 'Uniao das freguesias de Arnoso (Santa Maria e Santa Eulalia) e Sezures', 'Portugal'),
(14, 'rua 12', '9385-284', 'Outeiro', 'Faro', 'Silves', 'Armacao de Pera', 'Portugal'),
(15, 'rua 13', '8290-817', 'Souto Chao', 'Beja', 'Vidigueira', 'Pedrogao', 'Portugal'),
(16, 'rua 14', '6618-844', 'Cavadas de Baixo', 'Braganca', 'Alfandega da Fe', 'Cerejais', 'Portugal'),
(17, 'rua 15', '3785-003', 'Canelas de Baixo', 'Viana do Castelo', 'Ponte de Lima', 'Fornelos e Queijada', 'Portugal'),
(18, 'rua 16', '9966-036', 'Lanhezes', 'Viseu', 'Sernancelhe', 'Chosendo', 'Portugal'),
(19, 'rua 17', '9066-096', 'Malaposta', 'Braga', 'Amares', 'Bouro (Santa Maria)', 'Portugal'),
(20, 'rua 18', '2608-651', 'Raivo', 'Viseu', 'Tarouca', 'Varzea da Serra', 'Portugal'),
(21, 'rua 19', '8212-906', 'Outeirinho', 'Viseu', 'Moimenta da Beira', 'Moimenta da Beira', 'Portugal'),
(22, 'rua 20', '0144-438', 'Aguada de Cima', 'Porto', 'Gondomar', 'Uniao das freguesias de Melres e Medas', 'Portugal'),
(23, 'rua 21', '5210-396', 'Vila Verde', 'Castelo Branco', 'Fundao', 'Soalheira', 'Portugal'),
(24, 'rua 22', '0633-102', 'Santa Maria de Sardoura', 'Viseu', 'Penalva do Castelo', 'Pindo', 'Portugal'),
(25, 'rua 23', '9918-795', 'Canavai', 'Evora', 'Estremoz', 'Veiros', 'Portugal'),
(26, 'rua 24', '0128-007', 'Zona Industrial da Giesteira', 'Viseu', 'Cinfaes', 'Tarouquela', 'Portugal'),
(27, 'rua 25', '3372-823', 'Crasto Sao Jorge', 'Castelo Branco', 'Oleiros', 'Sobral', 'Portugal'),
(28, 'rua 26', '6818-330', 'Varzeas', 'Viana do Castelo', 'Ponte de Lima', 'Associacao de freguesias do Vale do Neiva', 'Portugal'),
(29, 'rua 27', '7153-553', 'Inha', 'Viseu', 'Lamego', 'Uniao das freguesias de Parada do Bispo e Valdigem', 'Portugal'),
(30, 'rua 28', '1696-718', 'Covelo de Paivo', 'Leiria', 'Leiria', 'Uniao das freguesias de Colmeias e Memoria', 'Portugal'),
(31, 'rua 29', '4824-529', 'Vinha', 'Porto', 'Paredes', 'Louredo', 'Portugal'),
(32, 'rua 30', '7993-321', 'Nogueira do Rio', 'Viseu', 'Tabuaco', 'Desejosa', 'Portugal'),
(33, 'rua 31', '0913-972', 'Ponte da Ribeira', 'Portalegre', 'Monforte', 'Monforte', 'Portugal'),
(34, 'rua 32', '2408-625', 'Recardaes', 'Evora', 'Evora', 'Uniao das freguesias de Sao Sebastiao da Giesteira e Nossa Senhora da Boa Fe', 'Portugal'),
(35, 'rua 33', '4079-676', 'Santa Maria do Monte', 'Faro', 'Aljezur', 'Odeceixe', 'Portugal'),
(36, 'rua 34', '5459-886', 'Pego', 'Evora', 'Arraiolos', 'Uniao das freguesias de Gafanhoeira (Sao Pedro) e Sabugueiro', 'Portugal'),
(37, 'rua 35', '4769-736', 'Avelas de Cima', 'Aveiro', 'Murtosa', 'Monte', 'Portugal'),
(38, 'rua 36', '3412-710', 'Vale Agudia', 'Braga', 'Celorico de Basto', 'Agilde', 'Portugal'),
(39, 'rua 37', '5025-256', 'Milhaco', 'Porto', 'Baiao', 'Santa Marinha do Zezere', 'Portugal'),
(40, 'rua 38', '6799-014', 'Povoa do Teso', 'Beja', 'Beja', 'Uniao das freguesias de Beja (Salvador e Santa Maria da Feira)', 'Portugal'),
(41, 'rua 39', '4757-826', 'Acores', 'Lisboa', 'Torres Vedras', 'Ventosa', 'Portugal'),
(42, 'rua 40', '2908-829', 'Crosso', 'Castelo Branco', 'Castelo Branco', 'Lardosa', 'Portugal'),
(43, 'rua 41', '9703-539', 'Povoa do Pereiro', 'Braganca', 'Vimioso', 'Vilar Seco', 'Portugal'),
(44, 'rua 42', '8785-722', 'Coto Cavadinha', 'Coimbra', 'Montemor-o-Velho', 'Liceia', 'Portugal'),
(45, 'rua 43', '8423-442', 'Vila Nova dos Fusos', 'Braganca', 'Mirandela', 'Uniao das freguesias de Freixeda e Vila Verde', 'Portugal'),
(46, 'rua 44', '0686-314', 'Miragaia', 'Faro', 'Silves', 'Sao Marcos da Serra', 'Portugal'),
(47, 'rua 45', '3137-355', 'Tojal', 'Viana do Castelo', 'Ponte de Lima', 'Correlha', 'Portugal'),
(48, 'rua 46', '9823-120', 'Avelas de Caminho', 'Vila Real', 'Chaves', 'Uniao das freguesias das Eiras, Sao Juliao de Montenegro e Cela', 'Portugal'),
(49, 'rua 47', '9877-507', 'Santa Iria', 'Vila Real', 'Chaves', 'Bustelo', 'Portugal'),
(50, 'rua 48', '1996-212', 'Tamengos', 'Porto', 'Maia', 'Sao Pedro Fins', 'Portugal'),
(51, 'rua 49', '3082-437', 'Pego', 'Evora', 'Evora', 'Uniao das freguesias de Bacelo e Senhora da Saude', 'Portugal'),
(52, 'rua 50', '8387-833', 'Covelas', 'Viana do Castelo', 'Paredes de Coura', 'Agualonga', 'Portugal'),
(53, 'rua 51', '7780-975', 'Lousa', 'Evora', 'Portel', 'Monte do Trigo', 'Portugal'),
(54, 'rua 52', '2495-533', 'Picoto', 'Braga', 'Fafe', 'Travassos', 'Portugal'),
(55, 'rua 53', '8152-589', 'Serra de Baixo', 'Porto', 'Santo Tirso', 'Uniao das freguesias de Lamelas e Guimarei', 'Portugal'),
(56, 'rua 54', '7721-443', 'Trancoso', 'Vila Real', 'Sabrosa', 'Sao Lourenco de Ribapinhao', 'Portugal'),
(57, 'rua 55', '7349-523', 'Valmaior', 'Coimbra', 'Condeixa-a-Nova', 'Furadouro', 'Portugal'),
(58, 'rua 56', '3623-372', 'Garrido', 'Viseu', 'Moimenta da Beira', 'Castelo', 'Portugal'),
(59, 'rua 57', '7998-171', 'Talhada', 'Santarem', 'Constancia', 'Constancia', 'Portugal'),
(60, 'rua 58', '6272-705', 'Moimenta de Baixo', 'Aveiro', 'Santa Maria da Feira', 'Sanguedo', 'Portugal'),
(61, 'rua 59', '9205-547', 'Pimenta', 'Vila Real', 'Vila Real', 'Folhadela', 'Portugal');,
(62, 'rua 60', '5868-021', 'Verba', 'Vila Real', 'Montalegre', 'Uniao das freguesias de Paradela, Contim e Fiaes', 'Portugal'),
(63, 'rua 61', '2957-904', 'Verba', 'Braganca', 'Miranda do Douro', 'Duas Igrejas', 'Portugal'),
(64, 'rua 62', '2858-064', 'Pinhal', 'Braganca', 'Vimioso', 'Uniao das freguesias de Algoso, Campo de Viboras e Uva', 'Portugal'),
(65, 'rua 63', '4401-376', 'Cha da Nogueira', 'Portalegre', 'Portalegre', 'Alagoa', 'Portugal'),
(66, 'rua 64', '9257-379', 'Pirineus', 'Vila Real', 'Ribeira de Pena', 'Uniao das freguesias de Cerva e Limoes', 'Portugal'),
(67, 'rua 65', '8555-308', 'Bugiganga', 'Castelo Branco', 'Covilha', 'Paul', 'Portugal'),
(68, 'rua 66', '0158-914', 'Abrunhal', 'Santarem', 'Santarem', 'Uniao das freguesias de Santarem (Marvila), Santa Iria da Ribeira de Santarem, Santarem (Sao Salvador) e Santarem (Sao Nicolau)', 'Portugal'),
(69, 'rua 67', '0175-858', 'Cancelinhas', 'Viseu', 'Cinfaes', 'Moimenta', 'Portugal'),
(70, 'rua 68', '8516-537', 'Adroia', 'Castelo Branco', 'Fundao', 'Alcaide', 'Portugal'),
(71, 'rua 69', '6709-251', 'Cabril', 'Porto', 'Amarante', 'Gouveia (Sao Simao)', 'Portugal'),
(72, 'rua 70', '8112-537', 'Feiteira', 'Vila Real', 'Chaves', 'Bustelo', 'Portugal'),
(73, 'rua 71', '9750-439', 'Devesa', 'Braganca', 'Macedo de Cavaleiros', 'Lamas', 'Portugal'),
(74, 'rua 72', '7994-408', 'Trancoso', 'Vila Real', 'Alijo', 'Vila Verde', 'Portugal'),
(75, 'rua 73', '2902-260', 'Cabeco da Igreja', 'Viseu', 'Cinfaes', 'Ferreiros de Tendais', 'Portugal'),
(76, 'rua 74', '9349-738', 'Sobreiro Torto', 'Viana do Castelo', 'Valenca', 'Uniao das freguesias de Valenca, Cristelo Covo e Arao', 'Portugal'),
(77, 'rua 75', '4784-805', 'Avitureira', 'Guarda', 'Aguiar da Beira', 'Pena Verde', 'Portugal'),
(78, 'rua 76', '7154-354', 'Soalheira', 'Setubal', 'Sesimbra', 'Quinta do Conde', 'Portugal'),
(79, 'rua 77', '8266-550', 'Vale do Conde', 'Guarda', 'Vila Nova de Foz Coa', 'Cedovim', 'Portugal'),
(80, 'rua 78', '0230-987', 'Casaldima', 'Lisboa', 'Mafra', 'Santo Isidoro', 'Portugal'),
(81, 'rua 79', '7895-829', 'Lugar da Vinha', 'Porto', 'Amarante', 'Uniao das freguesias de Aboadela, Sanche e Varzea', 'Portugal'),
(82, 'rua 80', '3603-751', 'Acores', 'Braga', 'Vila Nova de Famalicao', 'Uniao das freguesias de Antas e Abade de Vermoim', 'Portugal'),
(83, 'rua 81', '1268-394', 'Espinheiros', 'Porto', 'Paredes', 'Vilela', 'Portugal'),
(84, 'rua 82', '9202-566', 'Albergaria da Serra', 'Faro', 'Monchique', 'Marmelete', 'Portugal'),
(85, 'rua 83', '0606-430', 'Cruzeiro', 'Evora', 'Montemor-o-Novo', 'Cabrela', 'Portugal'),
(86, 'rua 84', '8559-223', 'Soutelo', 'Leiria', 'Leiria', 'Uniao das freguesias de Colmeias e Memoria', 'Portugal'),
(87, 'rua 85', '2412-014', 'Modernos', 'Castelo Branco', 'Idanha-a-Nova', 'Touloes', 'Portugal');,
(88, 'rua 86', '1488-778', 'Oronhe', 'Portalegre', 'Nisa', 'Uniao das freguesias de Espirito Santo, Nossa Senhora da Graca e Sao Simao', 'Portugal'),
(89, 'rua 87', '9512-890', 'Sao Joao da Azenha', 'Leiria', 'Pombal', 'Meirinhas', 'Portugal'),
(90, 'rua 88', '4051-609', 'Samuel', 'Santarem', 'Vila Nova da Barquinha', 'Tancos', 'Portugal'),
(91, 'rua 89', '6507-156', 'Londral', 'Viana do Castelo', 'Melgaco', 'Gave', 'Portugal'),
(92, 'rua 90', '9538-808', 'Carvalhal', 'Castelo Branco', 'Castelo Branco', 'Uniao das freguesias de Freixial e Juncal do Campo', 'Portugal'),
(93, 'rua 91', '4014-522', 'Zona Industrial da Farrapa', 'Viana do Castelo', 'Paredes de Coura', 'Uniao das freguesias de Insalde e Porreiras', 'Portugal'),
(94, 'rua 92', '7500-609', 'Fonte', 'Coimbra', 'Oliveira do Hospital', 'Lourosa', 'Portugal'),
(95, 'rua 93', '3620-392', 'Fonte', 'Viana do Castelo', 'Viana do Castelo', 'Uniao das freguesias de Geraz do Lima (Santa Maria, Santa Leocadia e Moreira) e Deao', 'Portugal'),
(96, 'rua 94', '5732-162', 'Trelopenedo', 'Viseu', 'Penedono', 'Beselga', 'Portugal'),
(97, 'rua 95', '0583-390', 'Bouca', 'Viana do Castelo', 'Ponte de Lima', 'Beiral do Lima', 'Portugal'),
(98, 'rua 96', '4516-583', 'Abrunhal', 'Santarem', 'Coruche', 'Biscainho', 'Portugal'),
(99, 'rua 97', '0343-105', 'Cabacos', 'Guarda', 'Vila Nova de Foz Coa', 'Custoias', 'Portugal'),
(100, 'rua 98', '5367-402', 'Gato', 'Leiria', 'Leiria', 'Regueira de Pontes', 'Portugal'),
(101, 'rua 99', '7161-978', 'Serrado do Burgo', 'Portalegre', 'Nisa', 'Uniao das freguesias de Arez e Amieira do Tejo', 'Portugal');



INSERT INTO ClubeVideo.Empresa VALUES
(1,'CV','Clube de Video',100000,999999999,999999999,'clubevideo@mail.com',2020,77220);


INSERT INTO ClubeVideo.LOJA (Nome_loja,E_mail,Telefone,Cod_endereco,Cod_empresa) VALUES
('Loja1','Ally_Edmonds719046530@bauros.biz',771183881,59,1),
('Loja2','David_Turner1863862669@bretoux.com',536441670,21,1),
('Loja3','Anne_Gibson127901834@atink.com',726272913,100,1),
('Loja4','Chester_Walker1593847277@gmail.com',115001911,50,1),
('Loja5','Chester_Cartwright2059996043@grannar.com',524480167,11,1),
('Loja6','Natalie_Reid1110304090@sveldo.biz',854459037,82,1),
('Loja7','John_Waterson1654668801@acrit.org',789532207,59,1),
('Loja8','Leslie_Upsdell674895996@gmail.com',228539910,98,1),
('Loja9','Mason_Lynch1988434359@ovock.tech',264514520,57,1),
('Loja10','Jasmine_Mccall207551185@bungar.biz',303276371,48,1),
('Loja11','Denis_Potts300310713@gmail.com',889398477,14,1),
('Loja12','Ronald_Kidd1549857928@grannar.com',560516713,15,1),
('Loja13','Sylvia_Hope1560800573@gembat.biz',697664074,97,1),
('Loja14','Chelsea_Wilkinson1090175024@qater.org',258318958,24,1),
('Loja15','Emery_Cann605035559@naiker.biz',431376932,10,1),
('Loja16','Madelyn_Hunt1165717974@ovock.tech',605226487,75,1),
('Loja17','Liam_Sherry312156228@nanoff.biz',187515153,59,1),
('Loja18','Vicky_Morris1360580398@corti.com',247409831,76,1),
('Loja19','David_Walker2035181609@iatim.tech',143277818,100,1),
('Loja20','Boris_Ripley851633513@sheye.org',779552313,36,1),
('Loja21','Boris_Owens407071250@nimogy.biz',940394874,1,1),
('Loja22','Denny_Dowson1472132707@naiker.biz',711639883,51,1),
('Loja23','wen_Crawley1252824874@atink.com',274188433,40,1),
('Loja24','Jules_Owens871513750@jiman.org',850500789,66,1),
('Loja25','Julia_Hill1399260397@bauros.biz',699253903,79,1),
('Loja26','Joseph_Brock1696984555@guentu.biz',283757351,78,1),
('Loja27','Bob_Bailey2019467033@naiker.biz',595709081,82,1),
('Loja28','Aeris_Pierce560674660@yahoo.com',232512662,15,1),
('Loja29','Christy_Mould1234747623@typill.biz',710545063,58,1),
('Loja30','Daniel_Booth1994557298@iatim.tech',242788574,83,1),
('Loja31','Thea_Eagle1841371666@hourpy.biz',327982864,44,1),
('Loja32','Nate_Reese1731736115@muall.tech',391481985,66,1),
('Loja33','Cadence_Thorne1935255221@gmail.com',106847909,17,1),
('Loja34','Elijah_John1972196561@elnee.tech',668115412,5,1),
('Loja35','Fred_Bowen1369102794@atink.com',241720953,31,1),
('Loja36','Denny_Pope1100831048@jiman.org',493198062,63,1),
('Loja37','Deborah_Uttridge428564781@nimogy.biz',265593828,67,1),
('Loja38','Mary_Waterson211241282@bauros.biz',506902610,74,1),
('Loja39','Ruby_Simpson1240610183@mafthy.com',411292576,57,1),
('Loja40','Hannah_Callan78388006@twipet.com',755438347,93,1);



INSERT INTO ClubeVideo.PAGAMENTO VALUES
(0, 'Transferência'),
(1, 'Cheque'),
(2, 'Dinheiro');



INSERT INTO ClubeVideo.SITUACAO VALUES
(0, 'Não definido'),
(1, 'Contrato permanente'),
(2, 'Contrato a termo certo'),
(3, 'Contrato a tempo indeterminado'),
(4, 'Outro');


INSERT INTO ClubeVideo.PROFISSAO VALUES
(11200, 'Diretor geral e gestor executivo, de empresas'),
(12110, 'Diretor financeiro'),
(12120, 'Diretor de recursos humanos'),
(12211, 'Diretor de vendas'),
(12212, 'Diretor de marketing'),
(12221, 'Diretor de publicidade'),
(33411, 'Chefe de escritório'),
(33412, 'Encarregado de armazém'),
(41100, 'Empregado de escritório em geral'),
(42290, 'Pessoal de receção e de informação a clientes'),
(43212, 'Empregado de armazém'),
(51510, 'Encarregado de limpeza'),
(52210, 'Operador de caixa'),
(52220, 'Encarregado de loja');



INSERT INTO ClubeVideo.FUNCIONARIO VALUES 
(0, 'Swayam Carneiro', '2015.7.23 00:00:00', 'Portuguesa', 'M', 'divorciado', '961136791', 'SwayamCarneiro1026@gmail.com', 4243, '2020.04.25 15:46:00', 2, 1, 42290, 1, '674033598', 'PT5000210090864646921', '69648488 s 581', 1),
(1, 'Brienny Mendes', '2008.4.15 00:00:00', 'Portuguesa', 'F', 'viúvo', '934953691', 'BriennyMendes1822@gmail.com', 2452, '2020.04.25 15:46:00', 3, 4, 12212, 1, '809093738', 'PT5000810391792034943', '86551892 s 320', 1),
(2, 'Jamira Almeida', '2008.4.5 00:00:00', 'Portuguesa', 'F', 'divorciado', '938499546', 'JamiraAlmeida570@gmail.com', 3606, '2020.04.25 15:46:00', 4, 2, 52220, 1, '896627010', 'PT5000587646878288247', '96040943 s 287', 1),
(3, 'Adália Fonseca', '1983.9.26 00:00:00', 'Portuguesa', 'F', 'divorciado', '915839568', 'AdáliaFonseca1469@gmail.com', 3891, '2020.04.25 15:46:00', 5, 2, 33412, 0, '038529571', 'PT5000480943685693435', '99355386 s 888', 1),
(4, 'Marc Fernandes', '2018.6.23 00:00:00', 'Portuguesa', 'M', 'divorciado', '933765870', 'MarcFernandes388@gmail.com', 3784, '2020.04.25 15:46:00', 6, 4, 12212, 2, '615875487', 'PT5000160841247273905', '77887832 s 635', 1),
(5, 'Caetano Lopes', '2014.8.5 00:00:00', 'Portuguesa', 'M', 'viúvo', '914444832', 'CaetanoLopes469@gmail.com', 3657, '2020.04.25 15:46:00', 7, 0, 33412, 0, '307440993', 'PT5000262886241813443', '83007722 s 469', 1),
(6, 'Wally Valente', '1953.5.12 00:00:00', 'Portuguesa', 'M', 'casado', '964934924', 'WallyValente1494@gmail.com', 2887, '2020.04.25 15:46:00', 8, 3, 12120, 1, '701195410', 'PT5000700451641843867', '95586213 s 971', 1),
(7, 'Liyo Vicente', '1962.5.27 00:00:00', 'Portuguesa', 'M', 'separado', '961819673', 'LiyoVicente1807@gmail.com', 2897, '2020.04.25 15:46:00', 9, 1, 51510, 0, '400190376', 'PT5000299892361448549', '84108318 s 372', 1),
(8, 'Serena Nogueira', '2017.3.3 00:00:00', 'Portuguesa', 'F', 'separado', '913529810', 'SerenaNogueira1083@gmail.com', 4614, '2020.04.25 15:46:00', 10, 0, 52220, 1, '609446258', 'PT5000619135935365719', '91470780 s 861', 1),
(9, 'Manassés Miranda', '1995.7.7 00:00:00', 'Portuguesa', 'M', 'separado', '935671494', 'ManassésMiranda571@gmail.com', 3202, '2020.04.25 15:46:00', 11, 3, 43212, 0, '934635542', 'PT5000406480562186427', '56328950 s 272', 1),
(10, 'Eléonor Pacheco', '1952.10.1 00:00:00', 'Portuguesa', 'F', 'casado', '915218578', 'EléonorPacheco467@gmail.com', 3061, '2020.04.25 15:46:00', 12, 4, 42290, 0, '247967186', 'PT5000503422856621989', '75299838 s 999', 1),
(11, 'Haley Borges', '2014.4.8 00:00:00', 'Portuguesa', 'M', 'viúvo', '932416463', 'HaleyBorges1843@gmail.com', 2385, '2020.04.25 15:46:00', 13, 0, 42290, 1, '872214389', 'PT5000826780905435358', '71278856 s 755', 1),
(12, 'Teodor Vaz', '1995.3.3 00:00:00', 'Portuguesa', 'M', 'casado', '939460407', 'TeodorVaz349@gmail.com', 4804, '2020.04.25 15:46:00', 14, 2, 12211, 0, '750194224', 'PT5000497341347672656', '86264997 s 435', 1),
(13, 'Ayoub Simões', '2020.2.20 00:00:00', 'Portuguesa', 'M', 'solteiro', '916931781', 'AyoubSimões1752@gmail.com', 4357, '2020.04.25 15:46:00', 15, 1, 52210, 2, '939580720', 'PT5000304772591296862', '95273252 s 540', 1),
(14, 'Victoria Lima', '2014.6.26 00:00:00', 'Portuguesa', 'F', 'separado', '961590222', 'VictoriaLima1860@gmail.com', 924, '2020.04.25 15:46:00', 16, 0, 12120, 1, '470050500', 'PT5000021692273242891', '80653644 s 833', 1),
(15, 'Nikita Sousa', '2000.2.18 00:00:00', 'Portuguesa', 'M', 'divorciado', '965155513', 'NikitaSousa1996@gmail.com', 3449, '2020.04.25 15:46:00', 17, 4, 12212, 0, '237854650', 'PT5000591422857110481', '92120795 s 453', 1),
(16, 'Vanda Batista', '1987.2.22 00:00:00', 'Portuguesa', 'F', 'separado', '937960611', 'VandaBatista1377@gmail.com', 928, '2020.04.25 15:46:00', 18, 2, 51510, 1, '686165717', 'PT5000283854991928000', '95045604 s 269', 1),
(17, 'Jasmeet Barbosa', '2015.10.7 00:00:00', 'Portuguesa', 'M', 'solteiro', '965094946', 'JasmeetBarbosa616@gmail.com', 1468, '2020.04.25 15:46:00', 19, 2, 12212, 1, '937345027', 'PT5000100677781995869', '98907391 s 186', 1),
(18, 'Yazmin Rodrigues', '1985.3.4 00:00:00', 'Portuguesa', 'F', 'solteiro', '961411538', 'YazminRodrigues1791@gmail.com', 2628, '2020.04.25 15:46:00', 20, 1, 33412, 0, '834218569', 'PT5000780429148260837', '67867399 s 929', 1),
(19, 'Daniil Fonseca', '1980.7.26 00:00:00', 'Portuguesa', 'M', 'solteiro', '968379715', 'DaniilFonseca521@gmail.com', 4616, '2020.04.25 15:46:00', 21, 3, 52220, 0, '850823807', 'PT5000068784353817151', '71788444 s 412', 1),
(20, 'Tim Ramos', '1998.8.1 00:00:00', 'Portuguesa', 'M', 'divorciado', '964511538', 'TimRamos1415@gmail.com', 2022, '2020.04.25 15:46:00', 22, 0, 12110, 2, '695730496', 'PT5000220765072744501', '52709049 s 594', 1),
(21, 'Aissato Martins', '1983.3.28 00:00:00', 'Portuguesa', 'F', 'separado', '933097573', 'AissatoMartins983@gmail.com', 2094, '2020.04.25 15:46:00', 23, 4, 12212, 1, '550822355', 'PT5000639083364317295', '74224057 s 057', 1),
(22, 'Ianira Antunes', '1980.7.6 00:00:00', 'Portuguesa', 'F', 'casado', '919994214', 'IaniraAntunes326@gmail.com', 1254, '2020.04.25 15:46:00', 24, 4, 12221, 2, '237993796', 'PT5000149871261545147', '76470914 s 948', 1),
(23, 'Álison Guerreiro', '1982.1.22 00:00:00', 'Portuguesa', 'F', 'separado', '911525026', 'ÁlisonGuerreiro1603@gmail.com', 4988, '2020.04.25 15:46:00', 25, 1, 12120, 0, '595665304', 'PT5000843939822139342', '63405080 s 272', 1),
(24, 'Rubens Martins', '1959.11.12 00:00:00', 'Portuguesa', 'M', 'solteiro', '937337311', 'RubensMartins72@gmail.com', 1722, '2020.04.25 15:46:00', 26, 3, 12211, 1, '803970198', 'PT5000338614800274408', '52681855 s 286', 1),
(25, 'Zakaria Reis', '1965.5.10 00:00:00', 'Portuguesa', 'M', 'viúvo', '962158197', 'ZakariaReis417@gmail.com', 1055, '2020.04.25 15:46:00', 27, 4, 41100, 0, '783058856', 'PT5000663937989712698', '64424792 s 019', 1),
(26, 'Issa Correia', '1980.10.3 00:00:00', 'Portuguesa', 'M', 'casado', '935549387', 'IssaCorreia396@gmail.com', 1631, '2020.04.25 15:46:00', 28, 0, 12211, 2, '891309748', 'PT5000782504547259481', '50649829 s 837', 1),
(27, 'Rand Tavares', '1950.12.1 00:00:00', 'Portuguesa', 'F', 'divorciado', '966402192', 'RandTavares1617@gmail.com', 2374, '2020.04.25 15:46:00', 29, 2, 41100, 0, '340640932', 'PT5000204860304237801', '97272971 s 356', 1),
(28, 'Jade Pinho', '1975.4.28 00:00:00', 'Portuguesa', 'F', 'viúvo', '936314793', 'JadePinho430@gmail.com', 3491, '2020.04.25 15:46:00', 30, 4, 12211, 0, '901510553', 'PT5000458260707703984', '88751005 s 215', 1),
(29, 'Adenilson Neto', '1983.7.17 00:00:00', 'Portuguesa', 'M', 'separado', '964710235', 'AdenilsonNeto898@gmail.com', 4150, '2020.04.25 15:46:00', 31, 0, 12120, 1, '661620572', 'PT5000711506547025550', '96852968 s 081', 1),
(30, 'Sofía Ramos', '2008.9.13 00:00:00', 'Portuguesa', 'F', 'separado', '919726669', 'SofíaRamos1077@gmail.com', 1909, '2020.04.25 15:46:00', 32, 1, 41100, 0, '936818808', 'PT5000698302408522916', '60818962 s 705', 1),
(31, 'Sulamita Sousa', '2007.10.20 00:00:00', 'Portuguesa', 'F', 'solteiro', '969040017', 'SulamitaSousa963@gmail.com', 4642, '2020.04.25 15:46:00', 33, 0, 43212, 2, '169167736', 'PT5000020618878800908', '88848859 s 989', 1),
(32, 'Zidane Garcia', '1983.10.2 00:00:00', 'Portuguesa', 'M', 'solteiro', '911011683', 'ZidaneGarcia63@gmail.com', 3503, '2020.04.25 15:46:00', 34, 3, 11200, 1, '200009163', 'PT5000627749985823718', '66364114 s 070', 1),
(33, 'Esperanza Amorim', '1955.12.12 00:00:00', 'Portuguesa', 'F', 'casado', '960611770', 'EsperanzaAmorim1624@gmail.com', 3969, '2020.04.25 15:46:00', 35, 0, 33411, 1, '601103944', 'PT5000208275137767908', '69700066 s 971', 1),
(34, 'Melina Nunes', '2014.11.7 00:00:00', 'Portuguesa', 'F', 'viúvo', '938245297', 'MelinaNunes467@gmail.com', 2628, '2020.04.25 15:46:00', 36, 1, 52210, 1, '945965913', 'PT5000502240029079777', '55936066 s 273', 1),
(35, 'Isack Leal', '2017.6.5 00:00:00', 'Portuguesa', 'M', 'viúvo', '936416121', 'IsackLeal472@gmail.com', 2417, '2020.04.25 15:46:00', 37, 2, 42290, 2, '757181600', 'PT5000031982035906503', '68449635 s 225', 1),
(36, 'Octávio Lima', '1977.2.21 00:00:00', 'Portuguesa', 'M', 'casado', '963567277', 'OctávioLima495@gmail.com', 2580, '2020.04.25 15:46:00', 38, 1, 52220, 1, '693069455', 'PT5000779893447531027', '79473937 s 058', 1),
(37, 'Rosalino Assunção', '1970.2.24 00:00:00', 'Portuguesa', 'M', 'divorciado', '910647357', 'RosalinoAssunção536@gmail.com', 1828, '2020.04.25 15:46:00', 39, 3, 12120, 0, '557510064', 'PT5000766455481131863', '72149376 s 818', 1),
(38, 'Mary Antunes', '1950.8.27 00:00:00', 'Portuguesa', 'F', 'viúvo', '913894390', 'MaryAntunes206@gmail.com', 2674, '2020.04.25 15:46:00', 40, 0, 12212, 1, '362439913', 'PT5000525293999474830', '83177160 s 646', 1),
(39, 'Geraldo Pacheco', '1972.3.14 00:00:00', 'Portuguesa', 'M', 'solteiro', '912938840', 'GeraldoPacheco1085@gmail.com', 2265, '2020.04.25 15:46:00', 41, 3, 12110, 2, '890706245', 'PT5000953015957127319', '70514318 s 674', 1),
(40, 'Krittrin Pinho', '2008.4.22 00:00:00', 'Portuguesa', 'M', 'divorciado', '932636827', 'KrittrinPinho1341@gmail.com', 1760, '2020.04.25 15:46:00', 42, 1, 12212, 2, '902529175', 'PT5000787330612513366', '85466881 s 055', 1),
(41, 'Minu Miranda', '2003.6.7 00:00:00', 'Portuguesa', 'F', 'divorciado', '919732370', 'MinuMiranda1715@gmail.com', 4350, '2020.04.25 15:46:00', 43, 3, 12120, 2, '920901413', 'PT5000898735153506772', '71758941 s 980', 1),
(42, 'Noelle Domingues', '1998.10.4 00:00:00', 'Portuguesa', 'F', 'casado', '969519321', 'NoelleDomingues1218@gmail.com', 1542, '2020.04.25 15:46:00', 44, 0, 41100, 2, '993153333', 'PT5000080175994557523', '87436618 s 311', 1),
(43, 'Maiara Correia', '1955.8.16 00:00:00', 'Portuguesa', 'F', 'viúvo', '965441943', 'MaiaraCorreia796@gmail.com', 4266, '2020.04.25 15:46:00', 45, 3, 42290, 1, '510232456', 'PT5000819327096828136', '89228654 s 904', 1),
(44, 'Nelissa Vieira', '1958.12.20 00:00:00', 'Portuguesa', 'F', 'casado', '964785669', 'NelissaVieira390@gmail.com', 2469, '2020.04.25 15:46:00', 46, 4, 52210, 2, '416642864', 'PT5000917338862022550', '88482720 s 030', 1),
(45, 'Romilton Amaral', '1970.2.16 00:00:00', 'Portuguesa', 'M', 'casado', '960727344', 'RomiltonAmaral511@gmail.com', 4801, '2020.04.25 15:46:00', 47, 0, 51510, 0, '817811837', 'PT5000318993907569033', '54875010 s 841', 1),
(46, 'Ahmed Fonseca', '1992.6.19 00:00:00', 'Portuguesa', 'M', 'viúvo', '933155949', 'AhmedFonseca1233@gmail.com', 2669, '2020.04.25 15:46:00', 48, 1, 12120, 0, '552107733', 'PT5000470989004868492', '99687134 s 934', 1),
(47, 'Sania Freitas', '2003.11.13 00:00:00', 'Portuguesa', 'F', 'viúvo', '930803347', 'SaniaFreitas742@gmail.com', 3150, '2020.04.25 15:46:00', 49, 0, 33411, 2, '380455760', 'PT5000382388515374623', '71449615 s 259', 1),
(48, 'Cláussia Garcia', '1976.9.17 00:00:00', 'Portuguesa', 'F', 'casado', '919586177', 'CláussiaGarcia172@gmail.com', 3039, '2020.04.25 15:46:00', 50, 1, 52210, 2, '895989684', 'PT5000285427856931607', '70237206 s 030', 1),
(49, 'Maryam Santos', '1974.9.10 00:00:00', 'Portuguesa', 'F', 'casado', '933203921', 'MaryamSantos1452@gmail.com', 3287, '2020.04.25 15:46:00', 51, 0, 12212, 1, '432917645', 'PT5000472167257086480', '66925457 s 212', 1),
(50, 'Érick Neto', '1978.2.28 00:00:00', 'Portuguesa', 'M', 'casado', '936036081', 'ÉrickNeto1382@gmail.com', 4695, '2020.04.25 15:46:00', 52, 3, 33411, 1, '171594325', 'PT5000270977550079233', '89652238 s 948', 1),
(51, 'Jody Antunes', '1990.2.13 00:00:00', 'Portuguesa', 'F', 'viúvo', '930214482', 'JodyAntunes706@gmail.com', 3238, '2020.04.25 15:46:00', 53, 4, 42290, 2, '854684476', 'PT5000558581427202473', '89776913 s 040', 1),
(52, 'Frida Miranda', '1968.2.25 00:00:00', 'Portuguesa', 'F', 'viúvo', '918101609', 'FridaMiranda713@gmail.com', 1579, '2020.04.25 15:46:00', 54, 3, 52220, 1, '040807965', 'PT5000836504485242668', '67418310 s 294', 1),
(53, 'Noely Cardoso', '2006.7.2 00:00:00', 'Portuguesa', 'F', 'solteiro', '960674035', 'NoelyCardoso1408@gmail.com', 4741, '2020.04.25 15:46:00', 55, 0, 52210, 2, '381598223', 'PT5000499040212040791', '65831923 s 774', 1),
(54, 'Nala Brito', '1957.7.28 00:00:00', 'Portuguesa', 'F', 'divorciado', '936685785', 'NalaBrito926@gmail.com', 1265, '2020.04.25 15:46:00', 56, 1, 51510, 0, '935595707', 'PT5000496356249023328', '75071424 s 442', 1),
(55, 'Dhyani Freitas', '1990.10.28 00:00:00', 'Portuguesa', 'F', 'viúvo', '936453673', 'DhyaniFreitas694@gmail.com', 4966, '2020.04.25 15:46:00', 57, 0, 41100, 1, '403124048', 'PT5000622358665235888', '64459659 s 009', 1),
(56, 'Rayanna Moreira', '1978.2.25 00:00:00', 'Portuguesa', 'F', 'casado', '961265010', 'RayannaMoreira1037@gmail.com', 2923, '2020.04.25 15:46:00', 58, 2, 12211, 1, '899810139', 'PT5000463607686943246', '60553776 s 870', 1),
(57, 'Laiane Miranda', '1979.10.21 00:00:00', 'Portuguesa', 'F', 'divorciado', '968093113', 'LaianeMiranda701@gmail.com', 3738, '2020.04.25 15:46:00', 59, 0, 11200, 2, '042859813', 'PT5000053466640171685', '68194106 s 339', 1),
(58, 'Suriel Almeida', '1988.10.20 00:00:00', 'Portuguesa', 'F', 'casado', '930574548', 'SurielAlmeida1599@gmail.com', 1079, '2020.04.25 15:46:00', 60, 0, 33412, 0, '097111027', 'PT5000918156380329168', '85293518 s 477', 1),
(59, 'Navneet Neves', '1987.3.16 00:00:00', 'Portuguesa', 'F', 'separado', '916299059', 'NavneetNeves918@gmail.com', 1227, '2020.04.25 15:46:00', 61, 4, 51510, 0, '598961678', 'PT5000808829466887284', '91505762 s 067', 1),
(60, 'Djenabu Silva', '1995.6.1 00:00:00', 'Portuguesa', 'F', 'viúvo', '937757080', 'DjenabuSilva1060@gmail.com', 4904, '2020.04.25 15:46:00', 62, 3, 12120, 0, '466583806', 'PT5000363952303616714', '98245467 s 707', 1),
(61, 'Anandy Gonçalves', '1952.2.12 00:00:00', 'Portuguesa', 'F', 'casado', '936362081', 'AnandyGonçalves1715@gmail.com', 1471, '2020.04.25 15:46:00', 63, 0, 12221, 0, '461821398', 'PT5000775602031817198', '64087873 s 987', 1),
(62, 'Djaraye Rodrigues', '2014.6.22 00:00:00', 'Portuguesa', 'F', 'separado', '966516363', 'DjarayeRodrigues1435@gmail.com', 2558, '2020.04.25 15:46:00', 64, 4, 12211, 2, '419985205', 'PT5000848000186535246', '80066998 s 966', 1),
(63, 'Inti Castro', '1954.11.22 00:00:00', 'Portuguesa', 'M', 'separado', '913509369', 'IntiCastro1106@gmail.com', 2682, '2020.04.25 15:46:00', 65, 1, 12212, 2, '105929524', 'PT5000251627775468587', '59273983 s 253', 1),
(64, 'Mihael Leal', '1955.8.1 00:00:00', 'Portuguesa', 'M', 'viúvo', '936104151', 'MihaelLeal1686@gmail.com', 2717, '2020.04.25 15:46:00', 66, 1, 41100, 1, '977804581', 'PT5000810904080515168', '73732326 s 771', 1),
(65, 'Taylor Gonçalves', '1961.11.19 00:00:00', 'Portuguesa', 'M', 'viúvo', '965140783', 'TaylorGonçalves801@gmail.com', 1124, '2020.04.25 15:46:00', 67, 1, 33412, 2, '267024848', 'PT5000343473334421230', '67500735 s 926', 1),
(66, 'Thierno Azevedo', '1980.6.18 00:00:00', 'Portuguesa', 'M', 'separado', '963126310', 'ThiernoAzevedo770@gmail.com', 4280, '2020.04.25 15:46:00', 68, 4, 12120, 0, '435171862', 'PT5000468520777193547', '93634073 s 724', 1),
(67, 'Umar Monteiro', '1980.12.10 00:00:00', 'Portuguesa', 'M', 'viúvo', '913756182', 'UmarMonteiro1474@gmail.com', 4274, '2020.04.25 15:46:00', 69, 3, 12221, 2, '975646073', 'PT5000761508887577574', '91334391 s 542', 1),
(68, 'Bento Loureiro', '1971.6.5 00:00:00', 'Portuguesa', 'M', 'solteiro', '968447168', 'BentoLoureiro1943@gmail.com', 3342, '2020.04.25 15:46:00', 70, 0, 52210, 0, '676325543', 'PT5000513463490325684', '89816463 s 299', 1),
(69, 'Eli Sousa', '2007.1.7 00:00:00', 'Portuguesa', 'M', 'separado', '939608756', 'EliSousa1618@gmail.com', 946, '2020.04.25 15:46:00', 71, 1, 12212, 1, '317980489', 'PT5000827603111218840', '52108742 s 926', 1),
(70, 'Axel Moreira', '2004.5.12 00:00:00', 'Portuguesa', 'M', 'separado', '932829573', 'AxelMoreira664@gmail.com', 4628, '2020.04.25 15:46:00', 72, 1, 33411, 1, '561821389', 'PT5000941722985453845', '83493411 s 562', 1),
(71, 'André Ribeiro', '1965.6.27 00:00:00', 'Portuguesa', 'M', 'divorciado', '939769157', 'AndréRibeiro284@gmail.com', 3736, '2020.04.25 15:46:00', 73, 0, 11200, 1, '648957245', 'PT5000379650996291329', '89962508 s 696', 1),
(72, 'Ravidson Macedo', '2009.2.2 00:00:00', 'Portuguesa', 'M', 'separado', '935595450', 'RavidsonMacedo394@gmail.com', 1804, '2020.04.25 15:46:00', 74, 4, 12120, 1, '934280379', 'PT5000856655615933537', '80993754 s 211', 1),
(73, 'Zanil Magalhães', '1990.11.7 00:00:00', 'Portuguesa', 'M', 'viúvo', '930636429', 'ZanilMagalhães10@gmail.com', 1650, '2020.04.25 15:46:00', 75, 3, 42290, 1, '298012844', 'PT5000058403041271477', '56456615 s 841', 1),
(74, 'Safira Macedo', '2008.12.10 00:00:00', 'Portuguesa', 'F', 'viúvo', '918769986', 'SafiraMacedo633@gmail.com', 2394, '2020.04.25 15:46:00', 76, 4, 12211, 2, '780234108', 'PT5000690518383704366', '75573869 s 180', 1),
(75, 'Favian Castro', '1977.10.20 00:00:00', 'Portuguesa', 'M', 'solteiro', '918030244', 'FavianCastro197@gmail.com', 1123, '2020.04.25 15:46:00', 77, 0, 51510, 0, '904726177', 'PT5000321379436585947', '50841179 s 017', 1),
(76, 'Anastacia Vicente', '2009.4.24 00:00:00', 'Portuguesa', 'F', 'casado', '961097822', 'AnastaciaVicente1844@gmail.com', 4185, '2020.04.25 15:46:00', 78, 4, 43212, 1, '049551889', 'PT5000556179390026364', '72367179 s 939', 1),
(77, 'Wendy Matias', '1980.12.6 00:00:00', 'Portuguesa', 'F', 'divorciado', '969399325', 'WendyMatias149@gmail.com', 4314, '2020.04.25 15:46:00', 79, 1, 51510, 2, '193705584', 'PT5000484653009176035', '50000357 s 876', 1),
(78, 'Diliana Garcia', '2006.10.25 00:00:00', 'Portuguesa', 'F', 'viúvo', '935976198', 'DilianaGarcia760@gmail.com', 2510, '2020.04.25 15:46:00', 80, 2, 33412, 1, '138448583', 'PT5000834771268190533', '58107690 s 054', 1),
(79, 'Cristiana Faria', '1990.9.4 00:00:00', 'Portuguesa', 'F', 'separado', '962983063', 'CristianaFaria1014@gmail.com', 4750, '2020.04.25 15:46:00', 81, 3, 51510, 0, '961273186', 'PT5000928315552108680', '64918350 s 258', 1),
(80, 'Mishka Neto', '1951.6.6 00:00:00', 'Portuguesa', 'F', 'separado', '912189276', 'MishkaNeto85@gmail.com', 3424, '2020.04.25 15:46:00', 82, 0, 12212, 1, '832267821', 'PT5000814892124709700', '83189293 s 215', 1),
(81, 'Malam Lourenço', '1982.4.22 00:00:00', 'Portuguesa', 'M', 'viúvo', '917018398', 'MalamLourenço698@gmail.com', 2026, '2020.04.25 15:46:00', 83, 3, 51510, 0, '182488105', 'PT5000150292404558603', '87533268 s 913', 1),
(82, 'Melina Garcia', '1969.6.6 00:00:00', 'Portuguesa', 'F', 'casado', '960197739', 'MelinaGarcia1708@gmail.com', 2775, '2020.04.25 15:46:00', 84, 4, 51510, 0, '664841658', 'PT5000129975380159925', '74092153 s 299', 1),
(83, 'Ciara Nascimento', '1988.7.1 00:00:00', 'Portuguesa', 'F', 'solteiro', '919820189', 'CiaraNascimento1422@gmail.com', 2633, '2020.04.25 15:46:00', 85, 0, 51510, 0, '599624167', 'PT5000762495484673997', '69953273 s 609', 1),
(84, 'Prapti Vieira', '1980.4.20 00:00:00', 'Portuguesa', 'F', 'viúvo', '966326310', 'PraptiVieira1549@gmail.com', 2780, '2020.04.25 15:46:00', 86, 0, 12211, 0, '821568835', 'PT5000743308790217769', '84873846 s 110', 1),
(85, 'Haziel Machado', '2015.11.17 00:00:00', 'Portuguesa', 'M', 'divorciado', '937700436', 'HazielMachado1862@gmail.com', 4195, '2020.04.25 15:46:00', 87, 2, 12110, 0, '252830017', 'PT5000623833284939208', '68099674 s 791', 1),
(86, 'Noa Martins', '2005.10.22 00:00:00', 'Portuguesa', 'F', 'solteiro', '934357222', 'NoaMartins396@gmail.com', 4444, '2020.04.25 15:46:00', 88, 0, 12212, 0, '531252800', 'PT5000682814932415338', '85699162 s 067', 1),
(87, 'Jake Assunção', '1998.4.27 00:00:00', 'Portuguesa', 'M', 'divorciado', '916240262', 'JakeAssunção1334@gmail.com', 4990, '2020.04.25 15:46:00', 89, 0, 12211, 0, '542142542', 'PT5000858648778614299', '63173632 s 939', 1),
(88, 'Ilis Esteves', '1994.12.13 00:00:00', 'Portuguesa', 'F', 'casado', '967174643', 'IlisEsteves137@gmail.com', 4743, '2020.04.25 15:46:00', 90, 4, 51510, 1, '474806472', 'PT5000104190236419682', '69198080 s 908', 1),
(89, 'Kika Brito', '1983.11.24 00:00:00', 'Portuguesa', 'F', 'solteiro', '931350083', 'KikaBrito123@gmail.com', 1922, '2020.04.25 15:46:00', 91, 1, 12212, 1, '470472435', 'PT5000644276119178770', '53790155 s 516', 1),
(90, 'Nali Simões', '2006.7.21 00:00:00', 'Portuguesa', 'F', 'separado', '967418745', 'NaliSimões1763@gmail.com', 2294, '2020.04.25 15:46:00', 92, 0, 12211, 2, '482766027', 'PT5000616126032262174', '51340143 s 675', 1),
(91, 'Joseph Anjos', '2017.4.17 00:00:00', 'Portuguesa', 'M', 'casado', '960060318', 'JosephAnjos1145@gmail.com', 2094, '2020.04.25 15:46:00', 93, 4, 52220, 0, '878018784', 'PT5000219656323244324', '78171874 s 420', 1),
(92, 'Osvaldo Magalhães', '2000.9.13 00:00:00', 'Portuguesa', 'M', 'separado', '919992803', 'OsvaldoMagalhães1544@gmail.com', 1232, '2020.04.25 15:46:00', 94, 0, 33411, 1, '253759950', 'PT5000090488890478554', '66706792 s 320', 1),
(93, 'Yásmine Amorim', '1953.7.28 00:00:00', 'Portuguesa', 'F', 'divorciado', '930392584', 'YásmineAmorim782@gmail.com', 4527, '2020.04.25 15:46:00', 95, 3, 12221, 2, '906493236', 'PT5000380424803367067', '68805875 s 491', 1),
(94, 'Janivaldo Ribeiro', '1985.3.8 00:00:00', 'Portuguesa', 'M', 'viúvo', '960646673', 'JanivaldoRibeiro1726@gmail.com', 3906, '2020.04.25 15:46:00', 96, 0, 42290, 0, '780610201', 'PT5000524125924175608', '93034876 s 873', 1),
(95, 'Wilson Vaz', '2016.9.14 00:00:00', 'Portuguesa', 'M', 'divorciado', '967792423', 'WilsonVaz1048@gmail.com', 2169, '2020.04.25 15:46:00', 97, 0, 33412, 2, '451116127', 'PT5000981192294433843', '53034758 s 852', 1),
(96, 'Djalmo Costa', '1959.12.25 00:00:00', 'Portuguesa', 'M', 'separado', '914127967', 'DjalmoCosta1015@gmail.com', 1350, '2020.04.25 15:46:00', 98, 4, 51510, 0, '863563791', 'PT5000539963082759709', '69437049 s 808', 1),
(97, 'Gaspar Reis', '1975.4.10 00:00:00', 'Portuguesa', 'M', 'casado', '915660895', 'GasparReis1585@gmail.com', 898, '2020.04.25 15:46:00', 99, 0, 41100, 1, '198992727', 'PT5000574768881007865', '56303518 s 949', 1),
(98, 'Nadja Almeida', '1990.10.25 00:00:00', 'Portuguesa', 'F', 'separado', '915179636', 'NadjaAlmeida859@gmail.com', 4473, '2020.04.25 15:46:00', 100, 2, 52210, 1, '273542261', 'PT5000131772202575595', '93902959 s 623', 1),
(99, 'Jayceline Ferreira', '2016.7.4 00:00:00', 'Portuguesa', 'F', 'casado', '913182718', 'JaycelineFerreira491@gmail.com', 4307, '2020.04.25 15:46:00', 101, 0, 52210, 0, '996523731', 'PT5000830810018531121', '98880051 s 734', 1);



INSERT INTO ClubeVideo.FUNCIONARIOS_EM_LOJAS VALUES 
(1, 0),
(1, 1),
(3,53),
(22,24),
(20,22),
(31,94),
(12,61),
(15,33),
(19,86),
(6,58),
(18,88),
(19,42),
(23,14),
(25,43),
(18,47),
(21,29),
(17,23),
(12,49),
(11,98),
(1,22),
(2,75),
(35,59),
(20,37),
(26,90),
(39,6),
(3,49),
(21,42),
(5,39),
(5,7),
(8,90),
(36,10),
(32,2),
(28,48),
(21,5),
(13,87),
(3,47),
(34,89),
(2,0),
(3,0),
(4,0),
(5,0),
(6,0),
(7,0),
(8,0),
(9,0),
(10,0),
(11,0),
(12,0),
(13,0),
(14,0),
(15,0),
(16,0),
(17,0),
(18,0),
(19,0),
(20,0),
(21,0),
(22,0),
(23,0),
(24,0),
(25,0),
(26,0),
(27,0),
(28,0),
(29,0),
(30,0),
(31,0),
(32,0),
(33,0),
(34,0),
(35,0),
(36,0),
(37,0),
(38,0),
(39,0);



INSERT INTO ClubeVideo.TipoIVA VALUES
(1,23,'normal'),
(2,12,'intermedio'),
(3,6,'reduzido'),
(4,0,'sem IVA');



INSERT INTO ClubeVideo.TipoStock VALUES
(1,'simples'),
(2,'não movimenta stocks (ex.: caução, desconto)'),
(3,'serviços');



INSERT INTO ClubeVideo.Artigo (nArtigo, nome, stockMin, stockMax, precoStock, dataCriacao, dataUltAlt, IVA, stock) VALUES
(1,'Cães de Aluguel',1000,7000,€15.00,'2020-01-01','2020-01-01',1,1),
(2,'Up – Altas Aventuras',1000,7000,€15.00,'2020-01-01','2020-01-01',1,1),
(3,'Senhor dos Anéis: O Retorno do Rei',1000,7000,€15.00,'2020-01-01','2020-01-01',1,1),
(4,'Seven – Os Sete Crimes Capitais',1000,7000,€15.00,'2020-01-01','2020-01-01',1,1),  -- para compra
(5,'Amadeus',1000,7000,€15.00,'2020-01-01','2020-01-01',1,1), 
(6,'Wall-E',1000,7000,€15.00,'2020-01-01','2020-01-01',1,1), 
(7,'Um Corpo que Cai',1000,7000,€15.00,'2020-01-01','2020-01-01',1,1), 
(8,'Gladiador',1000,7000,€15.00,'2020-01-01','2020-01-01',1,1),
(9,'Amor, Sublime Amor',1000,7000,€15.00,'2020-01-01','2020-01-01',1,1),
(10,'O Fabuloso Destino de Amélie Poulain',1000,7000,€15.00,'2020-01-01','2020-01-01',1,1), 
(11,'Thelma & Louise',1000,7000,€15.00,'2020-01-01','2020-01-01',1,1),
(12,'Desconto em compra de produto alugado',NULL,NULL,€5.00,'2020-01-01','2020-01-01',4,2),
(13,'Caução',NULL,NULL,€5.00,'2020-01-01','2020-01-01',4,2),
(14,'Entrega ao domicílio',NULL,NULL,€5.00,'2020-01-01','2020-01-01',1,3),
(15,'Transformers',1000,7000,€17.76,'2020-04-26','2020-04-26',1,1),
(16,'Romeo and Juliet',1000,7000,€16.51,'2020-03-16','2020-03-16',1,1),
(17,'The Wolf Of Wallstreet',1000,7000,€16.33,'2020-03-28','2020-03-28',1,1),
(18,'Alien	19.6582657558183',1000,7000,€15.00,'2020-03-28','2020-03-28',1,1),
(19,'Shutter Island	18.8085108882787',1000,7000,€15.00,'2020-05-05','2020-05-05',1,1),
(20,'Fantastic Beasts and Where To Find Them',1000,7000,€13.62,'2020-02-29','2020-02-29',1,1),
(21,'Titanic',1000,7000,€10.56,'2020-02-03','2020-02-03',1,1),
(22,'Ice Age 2',1000,7000,€10.03,'2020-04-26','2020-04-26',1,1),
(23,'Brimstone',1000,7000,€18.09,'2020-02-18','2020-02-18',1,1),
(24,'Rambo II',1000,7000,€15.65,'2020-04-09','2020-04-09',1,1),
(25,'The Martian',1000,7000,€18.47,'2020-04-27','2020-04-27',1,1),
(26,'Rambo I',1000,7000,€15.29,'2020-04-26','2020-04-26',1,1),
(27,'Limitless',1000,7000,€15.73,'2020-01-02','2020-01-02',1,1),
(28,'Snatch',1000,7000,€19.46,'2020-02-16','2020-02-16',1,1),
(29,'Thor : Ragnarok',1000,7000,€19.87,'2020-05-20','2020-05-20',1,1),
(30,'American Pie',1000,7000,€12.40,'2020-02-23','2020-02-23',1,1),
(31,'Avatar',1000,7000,€10.14,'2020-03-04','2020-03-04',1,1),
(32,'Seven',1000,7000,€15.61,'2020-03-11','2020-03-11',1,1),
(33,'Terminator I',1000,7000,€12.19,'2020-02-13','2020-02-13',1,1),
(34,'Shutter Island',1000,7000,€14.45,'2020-01-30','2020-01-30',1,1),
(35,'Octav',1000,7000,€16.91,'2020-01-23','2020-01-23',1,1),
(36,'Terminator 2',1000,7000,€15.31,'2020-03-09','2020-03-09',1,1),
(37,'Ice Age 1',1000,7000,€11.27,'2020-01-07','2020-01-07',1,1),
(38,'Crepúsculo dos Deuses',1000,7000,€11.27,'2020-01-07','2020-01-07',1,1),
(39,'Batman: O Cavaleiro das Trevas',1000,7000,€11.27,'2020-01-07','2020-01-07',1,1),
(40,'Brilho Eterno de uma Mente sem Lembranças',1000,7000,€11.27,'2020-01-07','2020-01-07',1,1),
(41,'Taxi Driver',1000,7000,€11.27,'2020-01-07','2020-01-07',1,1),
(42,'Butch Cassidy',1000,7000,€11.27,'2020-01-07','2020-01-07',1,1),
(43,'Gênio Indomável',1000,7000,€11.27,'2020-01-07','2020-01-07',1,1),
(44,'A Malvada',1000,7000,€11.27,'2020-01-07','2020-01-07',1,1),
(45,'O Grande Lebowski',1000,7000,€11.27,'2020-01-07','2020-01-07',1,1),
(46,'Jurassic Park',1000,7000,€11.27,'2020-01-07','2020-01-07',1,1),
(47,'Janela Indiscreta',1000,7000,€11.27,'2020-01-07','2020-01-07',1,1),
(48,'The Godfather',1000,7000,€10.53,'2020-04-29','2020-04-29',1,1),
(49,'Shrek',1000,7000,€11.03,'2020-05-13','2020-05-13',1,1),
(50,'The Conjuring',1000,7000,€12.84,'2020-04-03','2020-04-03',1,1),
(51,'Allied',1000,7000,€11.14,'2020-02-06','2020-02-06',1,1),
(52,'Chronicles of Narnia',1000,7000,€10.17,'2020-03-10','2020-03-10',1,1),
(53,'The Notebook',1000,7000,€18.66,'2020-02-06','2020-02-06',1,1),
(54,'Zootropolis',1000,7000,€12.40,'2020-05-03','2020-05-03',1,1),
(55,'Friends With Kids',1000,7000,€5.72,'2020-01-30','2020-01-30',1,1),
(56,'Star Wars',1000,7000,€13.26,'2020-01-23','2020-01-23',1,1),
(57,'Love',1000,7000,€18.56,'2020-05-23','2020-05-23',1,1),
(58,'Interstellar',1000,7000,€12.68,'2020-03-26','2020-03-26',1,1),
(59,'The Ring',1000,7000,€13.39,'2020-03-22','2020-03-22',1,1),
(60,'Avengers Infinity War',1000,7000,€19.88,'2020-01-31','2020-01-31',1,1);



INSERT INTO ClubeVideo.Disponibilidade VALUES
(1,'disponível'), 
(2,'indisponível devido a compra'),
(3,'indisponível devido a aluguer');



EXEC ClubeVideo.pr_criarListasPrecos 1,'Lista 1',1;
EXEC ClubeVideo.pr_criarListasPrecos 2,'Lista 2',1;
EXEC ClubeVideo.pr_criarListasPrecos 3,'Lista 3',1; 
EXEC ClubeVideo.pr_criarListasPrecos 4,'Lista 4',1;
EXEC ClubeVideo.pr_criarListasPrecos 5,'Lista 5',1;
EXEC ClubeVideo.pr_criarListasPrecos 6,'Lista 6',1;
EXEC ClubeVideo.pr_criarListasPrecos 7,'Lista 7',1; 
EXEC ClubeVideo.pr_criarListasPrecos 8,'Lista 8',1; 
EXEC ClubeVideo.pr_criarListasPrecos 9,'Lista 9',1; 
EXEC ClubeVideo.pr_criarListasPrecos 10,'Lista 10',1; 
EXEC ClubeVideo.pr_criarListasPrecos 11,'Lista 11',1; 
EXEC ClubeVideo.pr_criarListasPrecos 12,'Lista 12',1; 
EXEC ClubeVideo.pr_criarListasPrecos 13,'Lista 13',1; 
EXEC ClubeVideo.pr_criarListasPrecos 14,'Lista 14',1;
EXEC ClubeVideo.pr_criarListasPrecos 15,'Lista 15',1; 
EXEC ClubeVideo.pr_criarListasPrecos 16,'Lista 16',1;
EXEC ClubeVideo.pr_criarListasPrecos 17,'Lista 17',1;
EXEC ClubeVideo.pr_criarListasPrecos 18,'Lista 18',1;
EXEC ClubeVideo.pr_criarListasPrecos 19,'Lista 19',1;
EXEC ClubeVideo.pr_criarListasPrecos 20,'Lista 20',1;
EXEC ClubeVideo.pr_criarListasPrecos 21,'Lista 21',1; 
EXEC ClubeVideo.pr_criarListasPrecos 22,'Lista 22',1; 



INSERT INTO ClubeVideo.RELACAO_TER_EMP VALUES 
(0, 'cliente'),
(1, 'fornecedor'),
(2, 'fornecedor imobilizado'),
(3, 'consultor/assessor'),
(4, 'devedor/credores diversos'),
(5, 'comissionista'),
(6, 'sindicato'),
(7, 'empréstiomos');




INSERT INTO ClubeVideo.TERCEIRO VALUES
(1,1,'Morgan Potts',null,'2020-02-18',0,207219863,223130572,40,'Morgan_Potts8537@yahoo.com',4),
(2,1,'Darlene Lee',null,'2020-05-11',0,497312429,594731143,43,'Darlene_Lee7748@guentu.biz',3),
(3,1,'Rufus Cork',null,'2020-05-04',0,175430249,778694136,86,'Rufus_Cork7369@nimogy.biz',15),
(4,1,'Amelia Hunter',null,'2020-01-16',0,202858324,139452023,29,'Amelia_Hunter592@gmail.com',17),
(5,1,'Alex Bayliss',null,'2020-05-09',0,654196339,610981449,47,'Alex_Bayliss1234@nanoff.biz',4),
(6,1,'Emmanuelle Bell',null,'2020-04-09',0,311776708,441168942,26,'Emmanuelle_Bell3670@gompie.com',18),
(7,1,'Sebastian Ranks',null,'2020-01-19',0,453875271,877996963,54,'Sebastian_Ranks3584@deons.tech',12),
(8,1,'Lillian Parker',null,'2020-01-06',0,953131699,144016299,82,'Lillian_Parker513@irrepsy.com',11),
(9,1,'Harry Stone',null,'2020-02-21',0,355013320,134812800,51,'Harry_Stone 995@muall.tech',18),
(10,1,'Eileen Snow',null,'2020-04-25',0,395024127,887242379,11,'Eileen_Snow5653@elnee.tech',2),
(11,1,'Ryan Cann',null,'2020-02-20',0,176922034,292525428,98,'Ryan_Cann3710@deavo.com',21),
(12,1,'Florence Wild',null,'2020-04-04',0,872680209,283395072,15,'Florence_Wild593@yahoo.com',11),
(13,1,'Joyce Alcroft',null,'2020-02-04',0,533004041,409118842,54,'Joyce_Alcroft2300@atink.com',13),
(14,1,'Ron Butler',null,'2020-02-20',0,620787360,278196096,17,'Ron_Butler9163@elnee.tech',4),
(15,1,'Thea Porter',null,'2020-04-15',0,952296720,136837012,48,'Thea_Porter469@supunk.biz',7),
(16,1,'Ron Pierce',null,'2020-01-28',0,902962587,646930194,95,'Ron_Pierce5217@supunk.biz',1),
(17,1,'Nathan Silva',null,'2020-02-11',0,125364830,985703597,7,'Nathan_Silva2124@mafthy.com',7),
(18,1,'Johnny Rixon',null,'2020-03-30',0,469756602,755519634,37,'Johnny_Rixon3189@gmail.com',3),
(19,1,'Gabriel Mcleod',null,'2020-01-09',0,872407178,468491954,65,'Gabriel_Mcleod2641@famism.biz',5),
(20,1,'Helen Thornton',null,'2020-04-23',0,513463229,460445748,18,'Helen_Thornton1463@bauros.biz',12),
(21,1,'Harry Nanton',null,'2020-03-02',0,359726571,115300769,81,'Harry_Nanton2251@vetan.org',5),
(22,1,'Kurt Rust',null,'2020-04-17',0,293947296,971553112,11,'Kurt_Rust2542@infotech44.tech',14),
(23,1,'Tony Butler',null,'2020-04-22',0,446024372,667591898,47,'Tony_Butler4059@dionrab.com',17),
(24,1,'Lana Pearson',null,'2020-03-18',0,175311603,687297874,27,'Lana_Pearson89@dionrab.com',10),
(25,1,'Logan Ballard',null,'2020-03-05',0,128289073,883444841,25,'Logan_Ballard1682@muall.tech',3),
(26,1,'Cedrick Harper',null,'2020-01-18',0,533245578,509931861,83,'Cedrick_Harper1217@kideod.biz',3),
(27,1,'Cedrick Mcnally',null,'2020-04-07',0,725395848,468606060,72,'Cedrick_Mcnally5976@womeona.net',14),
(28,1,'Peter Umney',null,'2020-01-12',0,908107595,135379765,10,'Peter_Umney3776@supunk.biz',21),
(29,1,'Fiona Clifton',null,'2020-01-19',0,338155405,414262760,49,'Fiona_Clifton2653@twace.org',16),
(30,1,'Abbey Larkin',null,'2020-03-21',0,545184546,571033940,86,'Abbey_Larkin9462@jiman.org',14),
(31,1,'CarMax',null,'2020-03-31',3,754374362,389318011,20,'Joseph_Baker1944164504@bauros.biz',19),
(32,1,'Vodafone',null,'2020-03-13',6,612728637,292896235,15,'Gemma_London1723294004@womeona.net',15),
(33,1,'Demaco',null,'2020-03-17',2,886721800,661637724,3,'John_Uttridge439373068@irrepsy.com',7),
(34,1,'AECOM',null,'2020-05-22',5,838198435,397155812,35,'Jackeline_Powell1114529310@nickia.com',2),
(35,1,'Team Guard SRL',null,'2020-01-31',2,251691789,716521252,19,'Vivian_Brock20895281@nimogy.biz',6),
(36,1,'Coca-Cola Company',null,'2020-04-22',5,294846026,697020773,91,'Karla_Shaw225590503@acrit.org',5),
(37,1,'Global Print',null,'2020-04-03',5,234515537,995440064,86,'Gil_Ulyatt688146109@nickia.com',14),
(38,1,'Facebook',null,'2020-03-09',3,548192886,616752899,63,'Karen_Windsor1245486510@hourpy.biz',9),
(39,1,'Metro Cash&Carry',null,'2020-03-18',1,298787685,905807918,77,'Joseph_Stone 736400947@eirey.tech',16),
(40,1,'21st Century Fox',null,'2020-05-22',3,663188469,459499959,81,'Adina_Burge496619501@supunk.biz',4),
(41,1,'Team Guard SRL',null,'2020-04-10',2,267739028,104394124,34,'Alan_Russell1031615880@bauros.biz',3),
(42,1,'CarMax',null,'2020-04-08',3,563695120,627648697,68,'Martin_Patel1029947647@irrepsy.com',14),
(43,1,'Boeing',null,'2020-03-25',5,600623405,961101900,87,'Laila_Rosenbloom1973668086@dionrab.com',12),
(44,1,'Metro Cash&Carry',null,'2020-04-03',2,429318653,848218305,99,'Owen_Mooney1128020791@zorer.org',13);


UPDATE ClubeVideo.TERCEIRO
SET CAE=47430 -- comércio a retalho de equipamento audiovisual
WHERE Cod_relacao_ter_emp=1;  -- fornecedor

UPDATE ClubeVideo.TERCEIRO
SET CAE=47630 -- venda de conteúdos audiovisuais
WHERE Cod_relacao_ter_emp=2;  -- fornecedor imobilizado



INSERT INTO ClubeVideo.TipoDocumento VALUES
(1,1,'Entrada de produtos'), -- na loja
(2,1,'Fatura'),
(3,1,'Nota de Crédito'),  -- Devolução
(4,1,'Aluguer'),
(5,1,'Entrega de Aluguer'),
(6,1,'Término de aluguer por compra');


INSERT INTO ClubeVideo.Expedicao VALUES
(1,'Ao balcão'),
(2,'Por entrega ao cliente'),
(3,'Através de transportadora');

INSERT INTO ClubeVideo.PROFISSAO_PERTENCE VALUES (1, 'Empresa'), (2, 'Loja'), (3, 'Outro');

EXEC ClubeVideo.pr_NovoDocumento 1,1,1,33,1,'2020-01-01','2020-01-02',22,'2020-02-10',3,1,36
EXEC ClubeVideo.pr_NovoDocumento 1,2,1,1,2,'2020-01-05','2020-01-10',75,'2020-02-20',1,2,37;
EXEC ClubeVideo.pr_NovoDocumento 1,3,1,2,3,'2020-01-25','2020-02-10',47,'2020-03-20',2,3,38;
EXEC ClubeVideo.pr_NovoDocumento 1,4,1,3,3,'2020-01-01','2020-01-02',49,'2020-02-10',1,4,39;
EXEC ClubeVideo.pr_NovoDocumento 1,5,1,4,3,'2020-01-05','2020-01-10',53,'2020-02-20',2,5,40;
EXEC ClubeVideo.pr_NovoDocumento 1,6,1,5,5,'2020-01-25','2020-02-10',7,'2020-03-20',1,6,41;
EXEC ClubeVideo.pr_NovoDocumento 2,1,1,35,5,'2020-01-01','2020-01-02',39,'2020-02-10',3,7,42;
EXEC ClubeVideo.pr_NovoDocumento 2,2,1,6,6,'2020-01-05','2020-01-10',58,'2020-02-20',1,8,43;
EXEC ClubeVideo.pr_NovoDocumento 2,3,1,7,8,'2020-01-25','2020-02-10',90,'2020-03-20',2,9,44;
EXEC ClubeVideo.pr_NovoDocumento 2,4,1,8,11,'2020-01-01','2020-01-02',98,'2020-02-10',1,10,45;
EXEC ClubeVideo.pr_NovoDocumento 2,5,1,9,12,'2020-01-05','2020-01-10',49,'2020-02-20',2,11,46;
EXEC ClubeVideo.pr_NovoDocumento 2,6,1,10,12,'2020-01-25','2020-02-10',61,'2020-03-20',1,12,47;
EXEC ClubeVideo.pr_NovoDocumento 3,1,1,39,13,'2020-01-01','2020-01-02',87,'2020-02-10',3,13,48;
EXEC ClubeVideo.pr_NovoDocumento 3,2,1,11,15,'2020-01-05','2020-01-10',33,'2020-02-20',1,14,49;
EXEC ClubeVideo.pr_NovoDocumento 3,3,1,12,17,'2020-01-25','2020-02-10',23,'2020-03-20',2,15,50;
EXEC ClubeVideo.pr_NovoDocumento 3,4,1,13,18,'2020-01-01','2020-01-02',47,'2020-02-10',1,16,51;
EXEC ClubeVideo.pr_NovoDocumento 3,5,1,14,18,'2020-01-05','2020-01-10',88,'2020-02-20',2,17,52;
EXEC ClubeVideo.pr_NovoDocumento 3,6,1,15,19,'2020-01-25','2020-02-10',42,'2020-03-20',1,18,53;
EXEC ClubeVideo.pr_NovoDocumento 4,1,1,41,19,'2020-01-01','2020-01-02',86,'2020-02-10',3,19,54;
EXEC ClubeVideo.pr_NovoDocumento 4,2,1,16,20,'2020-01-05','2020-01-10',22,'2020-02-20',1,20,55;
EXEC ClubeVideo.pr_NovoDocumento 4,3,1,17,20,'2020-01-25','2020-02-10',37,'2020-03-20',2,21,56;
EXEC ClubeVideo.pr_NovoDocumento 4,4,1,18,21,'2020-01-01','2020-01-02',5,'2020-02-10',1,22,57;
EXEC ClubeVideo.pr_NovoDocumento 4,5,1,19,21,'2020-01-05','2020-01-10',29,'2020-02-20',2,23,58;
EXEC ClubeVideo.pr_NovoDocumento 4,6,1,20,21,'2020-01-25','2020-02-10',42,'2020-03-20',1,24,59;
EXEC ClubeVideo.pr_NovoDocumento 5,1,1,44,22,'2020-01-01','2020-01-02',24,'2020-02-10',3,25,60;
EXEC ClubeVideo.pr_NovoDocumento 5,2,1,21,23,'2020-01-05','2020-01-10',14,'2020-02-20',1,26,61;
EXEC ClubeVideo.pr_NovoDocumento 5,3,1,22,25,'2020-01-25','2020-02-10',43,'2020-03-20',2,27,62;
EXEC ClubeVideo.pr_NovoDocumento 5,4,1,23,26,'2020-01-01','2020-01-02',90,'2020-02-10',1,28,63;
EXEC ClubeVideo.pr_NovoDocumento 5,5,1,24,28,'2020-01-05','2020-01-10',48,'2020-02-20',2,29,64;
EXEC ClubeVideo.pr_NovoDocumento 5,6,1,25,31,'2020-01-25','2020-02-10',94,'2020-03-20',1,30,65;
EXEC ClubeVideo.pr_NovoDocumento 6,1,1,33,32,'2020-01-01','2020-01-02',2,'2020-02-10',3,31,66;
EXEC ClubeVideo.pr_NovoDocumento 6,2,1,26,34,'2020-01-05','2020-01-10',89,'2020-02-20',1,32,67;
EXEC ClubeVideo.pr_NovoDocumento 6,3,1,27,35,'2020-01-25','2020-02-10',59,'2020-03-20',2,33,68;
EXEC ClubeVideo.pr_NovoDocumento 6,4,1,28,36,'2020-01-01','2020-01-02',10,'2020-02-10',1,34,69;
EXEC ClubeVideo.pr_NovoDocumento 6,5,1,29,39,'2020-01-05','2020-01-10',6,'2020-02-20',2,35,70;
EXEC ClubeVideo.pr_NovoDocumento 6,6,1,20,1,'2020-01-25','2020-02-10',0,'2020-03-20',1,24,59;
EXEC ClubeVideo.pr_NovoDocumento 7,1,1,33,1,'2020-01-01','2020-01-02',0,'2020-02-10',3,31,66;
EXEC ClubeVideo.pr_NovoDocumento 7,2,1,26,1,'2020-01-05','2020-01-10',0,'2020-02-20',1,32,67;
EXEC ClubeVideo.pr_NovoDocumento 7,3,1,27,1,'2020-01-25','2020-02-10',0,'2020-03-20',2,33,68;
EXEC ClubeVideo.pr_NovoDocumento 7,4,1,28,1,'2020-01-01','2020-01-02',0,'2020-02-10',1,34,69;


EXEC ClubeVideo.pr_NovoDocumento 1, 1, 33, 1, '2020-01-01', '2020-01-02',0, '2020-01-30', 3, 1, 1;
EXEC ClubeVideo.pr_NovaLinha 1, 54, 1, 1, 1, 4,'2020-01-15';
EXEC ClubeVideo.pr_NovaLinha 2, 54, 1, 1, 2, 4,'2020-01-15';
EXEC ClubeVideo.pr_NovaLinha 3, 54, 1, 1, 3, 4,'2020-01-15';
EXEC ClubeVideo.pr_NovaLinha 4, 54, 1, 1, 4, 4,'2020-01-15';
EXEC ClubeVideo.pr_NovaLinha 5, 54, 1, 1, 5, 4,'2020-01-15';
EXEC ClubeVideo.pr_NovaLinha 6, 54, 1, 1, 6, 4,'2020-01-15';
EXEC ClubeVideo.pr_NovaLinha 7, 54, 1, 1, 7, 4,'2020-01-15';
EXEC ClubeVideo.pr_NovaLinha 8, 54, 1, 1, 8, 4,'2020-01-15';
EXEC ClubeVideo.pr_NovaLinha 9, 54, 1, 1, 9, 4,'2020-01-15';
EXEC ClubeVideo.pr_NovaLinha 10, 54, 1, 1, 10, 4,'2020-01-15';
EXEC ClubeVideo.pr_UpdateDocumento 54, 1, 1, 1 



EXEC ClubeVideo.pr_NovoDocumento 1, 1, 33, 2, '2020-01-01', '2020-01-02',0, '2020-01-30', 3, 1, 1;
EXEC ClubeVideo.pr_NovaLinha 1, 55, 1, 1, 1, 4,'2020-01-15';
EXEC ClubeVideo.pr_NovaLinha 2, 55, 1, 1, 2, 4,'2020-01-15';
EXEC ClubeVideo.pr_NovaLinha 3, 55, 1, 1, 3, 4,'2020-01-15';
EXEC ClubeVideo.pr_NovaLinha 4, 55, 1, 1, 4, 4,'2020-01-15';
EXEC ClubeVideo.pr_NovaLinha 5, 55, 1, 1, 5, 4,'2020-01-15';
EXEC ClubeVideo.pr_NovaLinha 6, 55, 1, 1, 6, 4,'2020-01-15';
EXEC ClubeVideo.pr_NovaLinha 7, 55, 1, 1, 7, 4,'2020-01-15';
EXEC ClubeVideo.pr_NovaLinha 8, 55, 1, 1, 8, 4,'2020-01-15';
EXEC ClubeVideo.pr_NovaLinha 9, 55, 1, 1, 9, 4,'2020-01-15';
EXEC ClubeVideo.pr_NovaLinha 10, 55, 1, 1, 10, 4,'2020-01-15';
EXEC ClubeVideo.pr_UpdateDocumento 55, 1, 1, 1 



EXEC ClubeVideo.pr_NovoDocumento 1, 1, 33, 3, '2020-01-01', '2020-01-02',0, '2020-01-30', 3, 1, 1;
EXEC ClubeVideo.pr_NovaLinha 1, 56, 1, 1, 1, 4,'2020-01-15';
EXEC ClubeVideo.pr_NovaLinha 2, 56, 1, 1, 2, 4,'2020-01-15';
EXEC ClubeVideo.pr_NovaLinha 3, 56, 1, 1, 3, 4,'2020-01-15';
EXEC ClubeVideo.pr_NovaLinha 4, 56, 1, 1, 4, 4,'2020-01-15';
EXEC ClubeVideo.pr_NovaLinha 5, 56, 1, 1, 5, 4,'2020-01-15';
EXEC ClubeVideo.pr_NovaLinha 6, 56, 1, 1, 6, 4,'2020-01-15';
EXEC ClubeVideo.pr_NovaLinha 7, 56, 1, 1, 7, 4,'2020-01-15';
EXEC ClubeVideo.pr_NovaLinha 8, 56, 1, 1, 8, 4,'2020-01-15';
EXEC ClubeVideo.pr_NovaLinha 9, 56, 1, 1, 9, 4,'2020-01-15';
EXEC ClubeVideo.pr_NovaLinha 10, 56, 1, 1, 10, 4,'2020-01-15';
EXEC ClubeVideo.pr_UpdateDocumento 56, 1, 1, 1 


EXEC ClubeVideo.pr_NovoDocumento 1, 1, 33, 4, '2020-01-01', '2020-01-02',0, '2020-01-30', 3, 1, 1;
EXEC ClubeVideo.pr_NovaLinha 1, 57, 1, 1, 1, 4,'2020-01-15';
EXEC ClubeVideo.pr_NovaLinha 2, 57, 1, 1, 2, 4,'2020-01-15';
EXEC ClubeVideo.pr_NovaLinha 3, 57, 1, 1, 3, 4,'2020-01-15';
EXEC ClubeVideo.pr_NovaLinha 4, 57, 1, 1, 4, 4,'2020-01-15';
EXEC ClubeVideo.pr_NovaLinha 5, 57, 1, 1, 5, 4,'2020-01-15';
EXEC ClubeVideo.pr_NovaLinha 6, 57, 1, 1, 6, 4,'2020-01-15';
EXEC ClubeVideo.pr_NovaLinha 7, 57, 1, 1, 7, 4,'2020-01-15';
EXEC ClubeVideo.pr_NovaLinha 8, 57, 1, 1, 8, 4,'2020-01-15';
EXEC ClubeVideo.pr_NovaLinha 9, 57, 1, 1, 9, 4,'2020-01-15';
EXEC ClubeVideo.pr_NovaLinha 10, 57, 1, 1, 10, 4,'2020-01-15';
EXEC ClubeVideo.pr_UpdateDocumento 57, 1, 1, 1 
